garage_type_2Types,garage_type_Attchd,garage_type_Basment,garage_type_BuiltIn,garage_type_CarPort,garage_type_Detchd
0,1,0,0,0,0
0,1,0,0,0,0
0,0,0,0,0,1
0,0,0,1,0,0
0,0,0,0,0,1
0,1,0,0,0,0
0,0,1,0,0,0
0,1,0,0,0,0
0,0,0,0,0,1
0,1,0,0,0,0
0,0,0,0,0,1
0,1,0,0,0,0
0,1,0,0,0,0
0,0,0,0,0,1
0,1,0,0,0,0
0,1,0,0,0,0
0,0,0,0,0,1
0,0,0,0,0,1
0,1,0,0,0,0
0,1,0,0,0,0
0,1,0,0,0,0
0,1,0,0,0,0
0,1,0,0,0,0
0,1,0,0,0,0
0,1,0,0,0,0
0,1,0,0,0,0
0,0,0,0,0,1
0,0,0,0,0,1
0,0,0,0,0,0
0,0,0,0,0,1
0,1,0,0,0,0
0,0,0,0,0,1
0,1,0,0,0,0
0,0,0,0,0,1
0,1,0,0,0,0
0,0,1,0,0,0
0,1,0,0,0,0
0,1,0,0,0,0
0,1,0,0,0,0
0,0,0,0,0,1
0,1,0,0,0,0
0,1,0,0,0,0
0,1,0,0,0,0
0,1,0,0,0,0
0,0,0,0,0,1
0,0,0,0,0,1
0,0,0,0,0,1
0,1,0,0,0,0
0,1,0,0,0,0
0,0,0,1,0,0
0,0,0,0,0,1
0,0,0,0,0,1
0,1,0,0,0,0
0,0,0,0,0,0
0,1,0,0,0,0
0,1,0,0,0,0
0,0,0,0,0,1
0,1,0,0,0,0
0,1,0,0,0,0
0,1,0,0,0,0
0,1,0,0,0,0
0,0,0,1,0,0
0,1,0,0,0,0
0,0,0,0,0,1
0,1,0,0,0,0
0,0,0,0,0,0
0,0,0,0,0,1
0,0,0,0,0,1
0,1,0,0,0,0
0,1,0,0,0,0
0,1,0,0,0,0
0,1,0,0,0,0
0,0,0,1,0,0
0,0,0,0,0,1
0,1,0,0,0,0
0,0,0,0,0,1
0,0,0,0,0,1
0,0,0,0,0,1
0,0,0,0,0,1
0,0,0,0,0,0
0,0,0,0,0,1
0,1,0,0,0,0
0,0,0,0,0,1
0,0,0,0,0,1
0,1,0,0,0,0
0,1,0,0,0,0
0,1,0,0,0,0
0,1,0,0,0,0
0,1,0,0,0,0
0,0,0,0,0,1
0,1,0,0,0,0
0,1,0,0,0,0
0,1,0,0,0,0
0,1,0,0,0,0
0,1,0,0,0,0
0,1,0,0,0,0
0,1,0,0,0,0
0,0,0,0,0,1
0,1,0,0,0,0
0,1,0,0,0,0
0,1,0,0,0,0
0,0,0,0,0,0
0,1,0,0,0,0
0,0,0,0,0,0
0,0,0,1,0,0
0,1,0,0,0,0
0,0,0,0,0,1
0,0,0,0,0,1
0,1,0,0,0,0
0,0,0,1,0,0
0,0,0,0,0,1
0,1,0,0,0,0
0,0,0,0,0,1
0,1,0,0,0,0
0,0,0,0,0,0
0,1,0,0,0,0
0,1,0,0,0,0
0,1,0,0,0,0
0,0,1,0,0,0
0,1,0,0,0,0
0,0,0,0,0,0
0,1,0,0,0,0
0,0,0,0,0,1
0,0,0,0,0,1
0,0,0,0,0,1
0,1,0,0,0,0
0,1,0,0,0,0
1,0,0,0,0,0
0,1,0,0,0,0
0,1,0,0,0,0
0,1,0,0,0,0
0,0,0,0,0,1
0,1,0,0,0,0
0,1,0,0,0,0
0,0,0,0,0,0
0,0,0,0,0,1
0,0,0,0,0,0
0,1,0,0,0,0
0,0,0,1,0,0
0,0,0,0,0,0
0,0,0,0,0,1
0,1,0,0,0,0
0,0,0,0,0,1
0,1,0,0,0,0
0,1,0,0,0,0
0,0,0,0,0,1
0,0,0,1,0,0
0,1,0,0,0,0
0,1,0,0,0,0
0,0,0,0,0,1
0,1,0,0,0,0
0,0,0,1,0,0
0,1,0,0,0,0
0,1,0,0,0,0
0,1,0,0,0,0
0,1,0,0,0,0
0,1,0,0,0,0
0,1,0,0,0,0
0,0,0,0,0,1
0,1,0,0,0,0
0,1,0,0,0,0
0,1,0,0,0,0
0,0,0,0,0,0
0,0,0,1,0,0
0,0,0,0,0,1
0,1,0,0,0,0
0,0,0,0,0,1
0,1,0,0,0,0
0,0,0,0,0,1
0,1,0,0,0,0
0,0,0,0,0,1
0,0,0,0,0,1
0,1,0,0,0,0
0,1,0,0,0,0
0,1,0,0,0,0
0,0,0,0,0,1
0,1,0,0,0,0
0,1,0,0,0,0
0,1,0,0,0,0
0,0,0,0,0,1
0,1,0,0,0,0
0,1,0,0,0,0
0,1,0,0,0,0
0,1,0,0,0,0
0,1,0,0,0,0
0,1,0,0,0,0
0,1,0,0,0,0
0,1,0,0,0,0
0,1,0,0,0,0
0,0,0,1,0,0
0,0,0,1,0,0
0,1,0,0,0,0
0,1,0,0,0,0
0,1,0,0,0,0
0,0,0,0,0,1
0,1,0,0,0,0
0,1,0,0,0,0
0,0,0,0,0,1
0,1,0,0,0,0
0,1,0,0,0,0
0,0,0,1,0,0
0,1,0,0,0,0
0,0,0,1,0,0
0,0,0,0,0,1
0,1,0,0,0,0
0,0,0,0,0,1
0,0,0,0,0,1
0,1,0,0,0,0
0,1,0,0,0,0
0,1,0,0,0,0
0,1,0,0,0,0
0,1,0,0,0,0
0,1,0,0,0,0
0,1,0,0,0,0
0,1,0,0,0,0
0,1,0,0,0,0
0,1,0,0,0,0
0,1,0,0,0,0
0,1,0,0,0,0
0,0,1,0,0,0
0,1,0,0,0,0
0,1,0,0,0,0
0,1,0,0,0,0
0,1,0,0,0,0
0,0,0,1,0,0
0,0,0,0,0,1
0,1,0,0,0,0
0,0,0,1,0,0
0,0,0,0,0,1
0,1,0,0,0,0
0,1,0,0,0,0
0,1,0,0,0,0
0,0,0,0,0,1
0,1,0,0,0,0
0,1,0,0,0,0
0,0,0,0,0,0
0,1,0,0,0,0
0,1,0,0,0,0
0,1,0,0,0,0
0,0,0,0,0,1
0,1,0,0,0,0
0,1,0,0,0,0
0,1,0,0,0,0
0,1,0,0,0,0
0,0,0,0,0,1
0,1,0,0,0,0
0,1,0,0,0,0
0,1,0,0,0,0
0,0,0,0,0,1
0,0,0,0,0,1
0,1,0,0,0,0
0,1,0,0,0,0
0,0,1,0,0,0
0,1,0,0,0,0
0,1,0,0,0,0
0,0,0,0,0,1
0,0,0,0,0,0
0,1,0,0,0,0
0,0,0,0,1,0
0,0,0,0,0,1
0,0,0,0,0,0
0,0,0,0,0,1
0,1,0,0,0,0
0,1,0,0,0,0
0,0,0,0,0,0
0,1,0,0,0,0
0,1,0,0,0,0
0,0,0,0,0,1
0,1,0,0,0,0
0,0,0,0,0,1
0,0,0,1,0,0
0,1,0,0,0,0
0,1,0,0,0,0
0,0,0,0,0,1
0,1,0,0,0,0
0,0,1,0,0,0
0,0,0,0,0,0
0,1,0,0,0,0
0,1,0,0,0,0
0,0,0,0,0,1
0,0,0,0,0,1
0,1,0,0,0,0
0,1,0,0,0,0
0,1,0,0,0,0
0,1,0,0,0,0
0,1,0,0,0,0
0,1,0,0,0,0
0,0,0,0,0,1
0,1,0,0,0,0
0,1,0,0,0,0
1,0,0,0,0,0
0,1,0,0,0,0
0,1,0,0,0,0
0,1,0,0,0,0
0,1,0,0,0,0
0,1,0,0,0,0
0,0,0,0,0,1
0,0,0,1,0,0
0,1,0,0,0,0
0,1,0,0,0,0
0,1,0,0,0,0
0,1,0,0,0,0
0,1,0,0,0,0
0,0,1,0,0,0
0,1,0,0,0,0
0,1,0,0,0,0
0,0,0,0,1,0
0,0,0,0,0,1
0,0,0,0,0,1
0,1,0,0,0,0
0,1,0,0,0,0
0,1,0,0,0,0
0,0,0,0,0,1
0,1,0,0,0,0
0,1,0,0,0,0
0,0,0,0,1,0
0,1,0,0,0,0
0,0,0,1,0,0
0,1,0,0,0,0
0,1,0,0,0,0
0,0,0,0,0,1
0,0,0,1,0,0
0,1,0,0,0,0
0,1,0,0,0,0
0,1,0,0,0,0
0,0,0,0,0,1
0,0,0,0,0,1
0,1,0,0,0,0
0,1,0,0,0,0
0,0,0,0,0,1
0,0,0,0,0,1
0,0,0,1,0,0
0,0,0,1,0,0
0,0,0,0,0,1
0,0,0,0,0,0
0,0,0,1,0,0
0,0,0,0,0,1
1,0,0,0,0,0
0,1,0,0,0,0
0,1,0,0,0,0
0,1,0,0,0,0
0,0,0,0,0,1
0,0,0,0,0,1
0,1,0,0,0,0
0,0,0,0,0,1
0,1,0,0,0,0
0,1,0,0,0,0
0,1,0,0,0,0
0,1,0,0,0,0
0,0,0,0,0,1
0,0,0,0,0,1
0,0,0,0,1,0
0,1,0,0,0,0
0,1,0,0,0,0
0,1,0,0,0,0
0,1,0,0,0,0
0,0,0,0,0,0
0,0,0,0,0,1
0,1,0,0,0,0
0,1,0,0,0,0
0,1,0,0,0,0
0,0,0,1,0,0
0,0,0,0,0,1
0,0,0,0,0,1
0,1,0,0,0,0
0,0,0,0,0,1
0,1,0,0,0,0
0,0,0,0,0,1
0,1,0,0,0,0
0,0,0,1,0,0
0,1,0,0,0,0
0,1,0,0,0,0
0,0,0,0,0,1
0,0,0,1,0,0
0,0,0,0,0,1
0,0,0,0,0,1
0,1,0,0,0,0
0,1,0,0,0,0
0,1,0,0,0,0
0,0,0,0,0,1
0,0,0,0,0,1
0,1,0,0,0,0
0,0,0,0,0,0
0,0,0,0,0,1
0,1,0,0,0,0
0,1,0,0,0,0
0,0,0,0,0,1
0,1,0,0,0,0
0,1,0,0,0,0
0,1,0,0,0,0
0,1,0,0,0,0
0,1,0,0,0,0
0,0,0,1,0,0
0,0,0,0,0,1
0,0,0,0,0,1
0,0,0,0,0,1
0,0,0,0,0,1
0,1,0,0,0,0
0,1,0,0,0,0
0,1,0,0,0,0
0,0,0,0,0,1
0,0,0,0,0,1
0,1,0,0,0,0
0,0,0,0,0,1
0,1,0,0,0,0
0,1,0,0,0,0
0,0,0,0,0,0
0,0,0,1,0,0
0,0,0,0,0,1
0,0,0,0,0,0
0,0,0,0,0,1
0,1,0,0,0,0
0,0,0,0,0,1
0,0,0,0,0,1
0,1,0,0,0,0
0,1,0,0,0,0
0,1,0,0,0,0
0,1,0,0,0,0
0,1,0,0,0,0
0,0,0,0,0,1
0,1,0,0,0,0
0,0,0,0,0,1
0,1,0,0,0,0
0,0,0,0,0,1
0,1,0,0,0,0
0,0,0,0,0,1
0,0,0,0,0,0
0,1,0,0,0,0
0,0,0,1,0,0
0,1,0,0,0,0
0,0,0,0,0,1
0,1,0,0,0,0
0,0,0,0,0,1
0,0,0,1,0,0
0,0,0,1,0,0
0,1,0,0,0,0
0,1,0,0,0,0
0,0,0,0,0,0
0,1,0,0,0,0
0,0,0,0,0,1
0,1,0,0,0,0
1,0,0,0,0,0
0,1,0,0,0,0
0,1,0,0,0,0
0,1,0,0,0,0
0,0,0,0,0,0
0,1,0,0,0,0
0,1,0,0,0,0
0,1,0,0,0,0
0,1,0,0,0,0
0,1,0,0,0,0
0,1,0,0,0,0
0,0,1,0,0,0
0,1,0,0,0,0
0,1,0,0,0,0
0,0,0,0,0,1
0,0,0,0,0,1
0,0,0,0,0,0
0,1,0,0,0,0
0,0,0,0,0,1
0,1,0,0,0,0
0,1,0,0,0,0
0,0,0,0,0,1
0,1,0,0,0,0
0,0,0,0,0,1
0,1,0,0,0,0
0,1,0,0,0,0
0,0,0,0,0,1
0,0,0,0,0,1
0,0,0,1,0,0
0,1,0,0,0,0
0,1,0,0,0,0
0,0,0,1,0,0
0,1,0,0,0,0
0,0,0,0,0,1
0,1,0,0,0,0
0,0,0,0,0,1
0,0,0,0,0,1
0,1,0,0,0,0
0,1,0,0,0,0
0,1,0,0,0,0
0,1,0,0,0,0
0,1,0,0,0,0
0,1,0,0,0,0
0,1,0,0,0,0
0,0,0,0,0,1
0,0,0,0,0,0
0,0,0,0,0,1
0,1,0,0,0,0
0,1,0,0,0,0
0,0,0,1,0,0
0,0,0,0,0,1
0,1,0,0,0,0
0,0,0,0,0,1
0,1,0,0,0,0
0,0,0,0,0,1
0,1,0,0,0,0
0,0,0,0,0,1
0,1,0,0,0,0
0,1,0,0,0,0
0,1,0,0,0,0
0,0,0,0,0,1
0,1,0,0,0,0
0,0,0,0,0,1
0,1,0,0,0,0
0,1,0,0,0,0
0,1,0,0,0,0
0,1,0,0,0,0
0,0,0,0,0,1
0,1,0,0,0,0
0,0,0,0,0,1
0,1,0,0,0,0
0,1,0,0,0,0
0,0,0,0,0,1
0,0,0,0,0,1
0,1,0,0,0,0
0,1,0,0,0,0
0,1,0,0,0,0
0,1,0,0,0,0
0,1,0,0,0,0
0,0,0,0,0,1
0,1,0,0,0,0
0,1,0,0,0,0
0,0,0,0,0,1
0,1,0,0,0,0
0,0,0,0,0,1
0,1,0,0,0,0
0,0,0,0,0,1
0,1,0,0,0,0
0,0,0,1,0,0
0,0,0,0,0,0
0,1,0,0,0,0
0,1,0,0,0,0
0,0,0,0,0,1
0,0,0,0,0,1
0,1,0,0,0,0
0,1,0,0,0,0
0,1,0,0,0,0
0,1,0,0,0,0
0,1,0,0,0,0
0,1,0,0,0,0
0,1,0,0,0,0
0,0,0,0,0,0
0,1,0,0,0,0
0,0,0,0,0,1
0,1,0,0,0,0
0,1,0,0,0,0
0,0,0,0,0,1
0,0,0,0,0,1
0,0,0,0,0,1
0,0,0,0,0,1
0,0,0,1,0,0
0,1,0,0,0,0
0,1,0,0,0,0
0,0,0,0,0,1
0,0,0,0,0,0
0,1,0,0,0,0
0,1,0,0,0,0
0,0,0,0,0,1
0,1,0,0,0,0
0,1,0,0,0,0
0,0,1,0,0,0
0,0,0,0,0,0
0,1,0,0,0,0
0,1,0,0,0,0
0,1,0,0,0,0
0,1,0,0,0,0
0,1,0,0,0,0
0,1,0,0,0,0
0,0,0,0,0,1
0,0,0,1,0,0
0,0,0,0,0,1
0,0,0,0,0,1
0,0,0,0,0,1
0,1,0,0,0,0
0,1,0,0,0,0
0,0,0,0,0,1
0,1,0,0,0,0
0,1,0,0,0,0
0,0,0,0,0,0
0,0,0,0,0,0
0,0,0,0,0,1
0,1,0,0,0,0
0,1,0,0,0,0
0,0,0,0,0,1
0,0,0,0,0,1
0,0,0,0,0,1
0,1,0,0,0,0
0,0,0,0,0,1
0,1,0,0,0,0
0,1,0,0,0,0
0,1,0,0,0,0
0,1,0,0,0,0
0,1,0,0,0,0
0,1,0,0,0,0
0,1,0,0,0,0
0,1,0,0,0,0
0,1,0,0,0,0
0,1,0,0,0,0
1,0,0,0,0,0
0,1,0,0,0,0
0,1,0,0,0,0
0,1,0,0,0,0
0,0,0,0,0,1
0,1,0,0,0,0
0,1,0,0,0,0
0,1,0,0,0,0
0,1,0,0,0,0
0,1,0,0,0,0
0,1,0,0,0,0
0,0,0,0,0,1
0,1,0,0,0,0
0,0,0,0,0,0
1,0,0,0,0,0
0,0,0,0,0,1
0,1,0,0,0,0
0,1,0,0,0,0
0,0,0,0,0,1
0,1,0,0,0,0
0,0,0,0,0,1
0,1,0,0,0,0
0,1,0,0,0,0
0,1,0,0,0,0
0,1,0,0,0,0
0,1,0,0,0,0
0,1,0,0,0,0
0,1,0,0,0,0
0,1,0,0,0,0
0,1,0,0,0,0
0,1,0,0,0,0
0,1,0,0,0,0
0,1,0,0,0,0
0,1,0,0,0,0
0,0,0,0,0,1
0,1,0,0,0,0
0,1,0,0,0,0
0,0,0,0,0,0
0,1,0,0,0,0
1,0,0,0,0,0
0,1,0,0,0,0
0,1,0,0,0,0
0,0,0,1,0,0
0,1,0,0,0,0
0,0,0,0,0,1
0,0,0,0,0,1
0,0,0,1,0,0
0,1,0,0,0,0
0,1,0,0,0,0
0,1,0,0,0,0
0,0,0,0,0,1
0,1,0,0,0,0
0,1,0,0,0,0
0,0,0,0,0,1
0,0,0,0,0,0
0,1,0,0,0,0
0,0,0,0,0,1
1,0,0,0,0,0
0,1,0,0,0,0
0,1,0,0,0,0
0,1,0,0,0,0
0,0,0,0,0,1
0,0,0,1,0,0
0,0,0,0,0,1
0,0,0,0,0,0
0,1,0,0,0,0
0,1,0,0,0,0
0,1,0,0,0,0
0,0,0,0,0,1
0,1,0,0,0,0
0,1,0,0,0,0
0,1,0,0,0,0
0,1,0,0,0,0
0,1,0,0,0,0
0,0,0,0,0,1
0,1,0,0,0,0
0,1,0,0,0,0
0,1,0,0,0,0
0,0,0,1,0,0
0,1,0,0,0,0
0,0,0,0,0,1
0,1,0,0,0,0
0,0,0,0,0,1
0,1,0,0,0,0
0,0,0,0,0,1
0,0,0,1,0,0
0,1,0,0,0,0
0,0,0,0,0,1
0,0,0,0,0,1
0,1,0,0,0,0
0,0,0,0,0,0
0,0,0,0,0,1
0,1,0,0,0,0
0,0,0,0,0,0
0,1,0,0,0,0
0,1,0,0,0,0
0,1,0,0,0,0
0,0,0,0,0,1
0,1,0,0,0,0
0,1,0,0,0,0
0,1,0,0,0,0
0,0,0,0,0,0
0,1,0,0,0,0
0,0,0,0,0,1
0,1,0,0,0,0
0,0,0,0,0,1
0,0,0,0,0,0
0,1,0,0,0,0
0,1,0,0,0,0
0,0,0,0,0,0
0,1,0,0,0,0
0,1,0,0,0,0
0,1,0,0,0,0
0,1,0,0,0,0
0,0,0,0,0,1
0,1,0,0,0,0
0,1,0,0,0,0
0,0,1,0,0,0
0,0,0,0,0,1
0,1,0,0,0,0
0,1,0,0,0,0
0,1,0,0,0,0
0,1,0,0,0,0
0,0,0,0,0,0
0,1,0,0,0,0
0,0,0,0,0,1
0,1,0,0,0,0
0,1,0,0,0,0
0,1,0,0,0,0
0,1,0,0,0,0
0,1,0,0,0,0
0,1,0,0,0,0
0,1,0,0,0,0
0,1,0,0,0,0
0,1,0,0,0,0
0,1,0,0,0,0
0,1,0,0,0,0
0,0,0,0,0,0
0,1,0,0,0,0
0,0,0,0,0,1
0,1,0,0,0,0
0,1,0,0,0,0
0,0,0,0,0,0
0,1,0,0,0,0
0,1,0,0,0,0
0,0,0,0,1,0
0,0,0,0,0,1
0,0,0,0,0,1
0,1,0,0,0,0
0,1,0,0,0,0
0,1,0,0,0,0
0,1,0,0,0,0
0,1,0,0,0,0
0,1,0,0,0,0
0,1,0,0,0,0
0,0,1,0,0,0
0,1,0,0,0,0
0,1,0,0,0,0
0,1,0,0,0,0
0,0,0,0,0,1
0,1,0,0,0,0
0,1,0,0,0,0
0,1,0,0,0,0
0,1,0,0,0,0
0,0,0,0,0,1
0,1,0,0,0,0
0,0,0,1,0,0
0,0,0,0,0,1
0,1,0,0,0,0
0,0,0,0,0,1
0,1,0,0,0,0
0,1,0,0,0,0
0,1,0,0,0,0
0,0,0,0,0,1
1,0,0,0,0,0
0,1,0,0,0,0
0,0,0,0,0,1
0,1,0,0,0,0
0,0,1,0,0,0
0,1,0,0,0,0
0,1,0,0,0,0
0,1,0,0,0,0
0,0,1,0,0,0
0,0,0,0,0,1
0,0,0,0,0,0
0,0,0,0,0,1
0,0,0,0,0,1
0,1,0,0,0,0
0,0,0,0,0,0
0,0,0,1,0,0
0,1,0,0,0,0
0,1,0,0,0,0
0,0,0,0,0,0
0,1,0,0,0,0
0,1,0,0,0,0
0,0,0,0,0,1
0,1,0,0,0,0
0,0,0,0,0,1
0,0,0,0,0,1
0,1,0,0,0,0
0,1,0,0,0,0
0,1,0,0,0,0
0,1,0,0,0,0
0,0,0,0,0,1
0,1,0,0,0,0
0,0,0,0,0,1
0,1,0,0,0,0
0,0,1,0,0,0
0,0,0,0,0,1
0,1,0,0,0,0
0,1,0,0,0,0
0,1,0,0,0,0
0,0,0,0,0,1
0,1,0,0,0,0
0,1,0,0,0,0
0,0,0,0,0,0
0,1,0,0,0,0
0,0,0,0,0,1
0,0,0,0,0,1
0,1,0,0,0,0
0,1,0,0,0,0
0,0,0,0,0,1
0,0,0,0,0,1
0,0,0,0,0,0
0,0,0,1,0,0
0,0,0,0,0,0
0,1,0,0,0,0
0,0,0,0,0,1
0,1,0,0,0,0
0,0,0,0,0,1
0,1,0,0,0,0
0,1,0,0,0,0
0,0,0,0,0,1
0,1,0,0,0,0
0,0,0,0,0,1
0,0,0,0,0,1
0,1,0,0,0,0
0,1,0,0,0,0
0,1,0,0,0,0
0,1,0,0,0,0
0,1,0,0,0,0
0,1,0,0,0,0
0,1,0,0,0,0
0,1,0,0,0,0
0,0,0,0,0,1
0,1,0,0,0,0
0,1,0,0,0,0
0,1,0,0,0,0
0,1,0,0,0,0
0,1,0,0,0,0
0,1,0,0,0,0
0,0,0,0,0,1
0,1,0,0,0,0
0,1,0,0,0,0
0,0,0,0,0,1
0,0,0,0,0,1
0,0,0,0,0,1
0,1,0,0,0,0
0,1,0,0,0,0
0,0,0,0,0,0
0,1,0,0,0,0
0,1,0,0,0,0
0,1,0,0,0,0
0,0,0,1,0,0
0,1,0,0,0,0
0,1,0,0,0,0
0,1,0,0,0,0
0,1,0,0,0,0
0,1,0,0,0,0
0,1,0,0,0,0
0,0,0,0,0,1
0,0,0,0,0,1
0,1,0,0,0,0
0,0,0,0,0,1
0,0,0,0,0,1
0,1,0,0,0,0
0,0,0,0,1,0
0,1,0,0,0,0
0,1,0,0,0,0
0,0,0,0,0,0
0,1,0,0,0,0
0,0,0,1,0,0
0,0,0,0,0,1
0,0,0,0,0,1
0,0,0,0,0,1
0,1,0,0,0,0
0,0,0,0,0,1
0,1,0,0,0,0
0,1,0,0,0,0
0,0,0,1,0,0
0,1,0,0,0,0
0,0,0,1,0,0
0,0,0,0,0,1
0,1,0,0,0,0
0,0,0,0,0,1
0,1,0,0,0,0
0,1,0,0,0,0
0,1,0,0,0,0
0,1,0,0,0,0
0,1,0,0,0,0
0,1,0,0,0,0
0,0,0,0,0,1
0,0,0,0,0,0
0,1,0,0,0,0
0,1,0,0,0,0
0,1,0,0,0,0
0,1,0,0,0,0
0,0,0,0,0,1
0,1,0,0,0,0
0,1,0,0,0,0
0,1,0,0,0,0
0,0,0,0,0,1
0,0,0,0,0,1
0,0,0,0,0,1
0,1,0,0,0,0
0,1,0,0,0,0
0,1,0,0,0,0
0,1,0,0,0,0
0,1,0,0,0,0
0,0,0,0,0,1
0,0,0,1,0,0
0,1,0,0,0,0
0,1,0,0,0,0
0,1,0,0,0,0
0,1,0,0,0,0
0,0,0,0,0,1
0,0,0,0,0,1
0,0,0,0,0,1
0,0,0,1,0,0
0,1,0,0,0,0
0,1,0,0,0,0
0,1,0,0,0,0
0,1,0,0,0,0
0,0,0,0,0,1
0,0,0,0,0,1
0,1,0,0,0,0
0,1,0,0,0,0
0,1,0,0,0,0
0,0,0,0,0,1
0,1,0,0,0,0
0,1,0,0,0,0
0,1,0,0,0,0
0,0,0,1,0,0
0,0,0,0,0,0
0,0,0,0,0,0
0,1,0,0,0,0
0,0,0,0,0,1
0,1,0,0,0,0
0,0,0,1,0,0
0,0,1,0,0,0
0,1,0,0,0,0
0,0,0,1,0,0
0,0,0,0,0,0
0,1,0,0,0,0
0,1,0,0,0,0
0,0,0,0,0,1
0,0,0,0,0,1
0,1,0,0,0,0
0,1,0,0,0,0
0,1,0,0,0,0
0,0,0,0,0,0
0,1,0,0,0,0
0,0,0,0,0,1
0,1,0,0,0,0
0,0,0,0,0,1
0,0,0,0,0,0
0,1,0,0,0,0
0,1,0,0,0,0
0,1,0,0,0,0
0,1,0,0,0,0
0,1,0,0,0,0
0,0,0,0,0,0
0,1,0,0,0,0
0,0,0,0,0,1
0,1,0,0,0,0
0,0,0,0,0,1
0,1,0,0,0,0
0,1,0,0,0,0
0,1,0,0,0,0
0,0,0,0,0,0
0,1,0,0,0,0
0,0,1,0,0,0
0,0,0,0,0,1
0,0,0,0,0,1
0,0,0,1,0,0
0,0,0,0,0,1
0,1,0,0,0,0
0,1,0,0,0,0
0,0,0,0,0,1
0,1,0,0,0,0
0,1,0,0,0,0
0,1,0,0,0,0
0,1,0,0,0,0
0,1,0,0,0,0
0,1,0,0,0,0
0,1,0,0,0,0
0,1,0,0,0,0
0,0,0,0,0,1
0,1,0,0,0,0
0,1,0,0,0,0
0,1,0,0,0,0
0,1,0,0,0,0
0,0,0,0,0,1
0,1,0,0,0,0
0,1,0,0,0,0
0,1,0,0,0,0
0,1,0,0,0,0
0,0,0,1,0,0
0,0,0,0,1,0
0,1,0,0,0,0
0,0,1,0,0,0
0,1,0,0,0,0
0,1,0,0,0,0
0,1,0,0,0,0
0,1,0,0,0,0
0,1,0,0,0,0
0,1,0,0,0,0
0,1,0,0,0,0
0,1,0,0,0,0
0,1,0,0,0,0
0,0,0,0,0,1
0,1,0,0,0,0
0,1,0,0,0,0
0,0,0,0,0,1
0,0,0,0,0,0
0,1,0,0,0,0
0,1,0,0,0,0
0,0,0,0,0,1
0,0,0,0,0,1
0,0,0,0,0,0
0,1,0,0,0,0
0,1,0,0,0,0
0,0,0,0,0,1
0,1,0,0,0,0
0,1,0,0,0,0
0,1,0,0,0,0
0,0,0,0,0,1
0,1,0,0,0,0
0,0,0,0,0,0
0,1,0,0,0,0
0,0,0,0,0,1
0,0,0,0,0,1
0,0,0,0,0,1
0,0,0,0,0,1
0,0,0,1,0,0
0,1,0,0,0,0
0,0,0,1,0,0
0,1,0,0,0,0
0,0,0,0,0,1
1,0,0,0,0,0
0,1,0,0,0,0
0,0,0,0,0,1
0,0,0,0,0,0
0,1,0,0,0,0
0,0,0,0,0,1
0,0,0,0,0,1
0,1,0,0,0,0
0,1,0,0,0,0
0,0,0,0,0,1
0,1,0,0,0,0
0,1,0,0,0,0
0,1,0,0,0,0
0,1,0,0,0,0
0,1,0,0,0,0
0,1,0,0,0,0
0,0,0,0,0,1
0,0,0,0,0,1
1,0,0,0,0,0
0,1,0,0,0,0
0,0,0,0,0,1
0,1,0,0,0,0
0,0,0,1,0,0
0,1,0,0,0,0
0,1,0,0,0,0
0,0,0,0,0,1
0,0,0,0,0,0
0,1,0,0,0,0
0,0,0,0,0,1
0,0,0,0,0,1
0,0,0,0,0,1
0,0,0,0,0,1
0,1,0,0,0,0
0,0,0,1,0,0
0,1,0,0,0,0
0,0,0,0,0,1
0,1,0,0,0,0
0,1,0,0,0,0
0,0,0,0,0,1
0,0,0,1,0,0
0,0,0,0,0,0
0,0,0,0,0,1
0,1,0,0,0,0
0,1,0,0,0,0
0,1,0,0,0,0
0,0,0,0,0,1
0,0,0,0,0,1
0,1,0,0,0,0
0,1,0,0,0,0
0,0,0,0,0,1
0,0,0,0,0,0
0,1,0,0,0,0
0,0,0,0,0,1
0,0,0,0,0,1
0,1,0,0,0,0
0,1,0,0,0,0
0,1,0,0,0,0
0,1,0,0,0,0
0,0,0,1,0,0
0,0,0,0,0,1
0,1,0,0,0,0
0,0,0,0,0,1
0,1,0,0,0,0
0,1,0,0,0,0
0,0,0,0,0,1
0,0,0,1,0,0
0,0,1,0,0,0
0,1,0,0,0,0
0,0,0,0,0,1
0,1,0,0,0,0
0,1,0,0,0,0
0,1,0,0,0,0
0,0,0,0,0,1
0,0,0,0,0,1
0,1,0,0,0,0
0,1,0,0,0,0
0,0,0,0,0,1
0,0,0,0,0,1
0,1,0,0,0,0
0,1,0,0,0,0
0,1,0,0,0,0
0,1,0,0,0,0
0,1,0,0,0,0
0,1,0,0,0,0
0,1,0,0,0,0
0,1,0,0,0,0
0,1,0,0,0,0
0,1,0,0,0,0
0,1,0,0,0,0
0,0,0,0,0,0
0,0,0,0,0,1
0,0,0,1,0,0
0,1,0,0,0,0
0,0,0,0,0,1
0,1,0,0,0,0
0,1,0,0,0,0
0,1,0,0,0,0
0,0,0,0,0,1
0,1,0,0,0,0
0,1,0,0,0,0
0,1,0,0,0,0
0,1,0,0,0,0
0,1,0,0,0,0
0,0,0,0,0,1
0,1,0,0,0,0
0,1,0,0,0,0
0,0,0,0,0,1
0,0,0,1,0,0
0,1,0,0,0,0
0,0,0,0,0,1
0,1,0,0,0,0
0,0,0,0,0,1
0,1,0,0,0,0
0,1,0,0,0,0
0,0,0,0,0,1
0,1,0,0,0,0
0,1,0,0,0,0
0,1,0,0,0,0
0,1,0,0,0,0
0,1,0,0,0,0
0,1,0,0,0,0
0,1,0,0,0,0
0,0,0,1,0,0
0,0,1,0,0,0
0,1,0,0,0,0
0,1,0,0,0,0
0,1,0,0,0,0
0,1,0,0,0,0
0,0,0,0,0,1
0,0,0,1,0,0
0,1,0,0,0,0
0,1,0,0,0,0
0,1,0,0,0,0
0,1,0,0,0,0
0,0,0,0,0,1
0,1,0,0,0,0
0,1,0,0,0,0
0,1,0,0,0,0
0,1,0,0,0,0
0,1,0,0,0,0
0,1,0,0,0,0
0,1,0,0,0,0
0,0,0,0,0,1
0,0,0,0,0,1
0,0,1,0,0,0
0,0,0,0,0,1
0,1,0,0,0,0
0,1,0,0,0,0
0,1,0,0,0,0
0,1,0,0,0,0
0,1,0,0,0,0
0,1,0,0,0,0
0,1,0,0,0,0
0,1,0,0,0,0
0,1,0,0,0,0
0,0,0,1,0,0
0,0,0,0,0,0
0,1,0,0,0,0
0,1,0,0,0,0
0,1,0,0,0,0
0,1,0,0,0,0
0,1,0,0,0,0
0,1,0,0,0,0
0,1,0,0,0,0
0,1,0,0,0,0
0,0,0,0,0,1
0,1,0,0,0,0
0,1,0,0,0,0
0,1,0,0,0,0
0,0,0,0,0,1
0,1,0,0,0,0
0,1,0,0,0,0
0,1,0,0,0,0
0,1,0,0,0,0
0,0,0,0,0,1
0,1,0,0,0,0
0,1,0,0,0,0
0,1,0,0,0,0
0,0,0,0,0,1
0,1,0,0,0,0
0,0,0,1,0,0
0,1,0,0,0,0
0,1,0,0,0,0
0,1,0,0,0,0
0,1,0,0,0,0
0,1,0,0,0,0
0,0,0,0,0,1
0,0,0,0,0,1
0,1,0,0,0,0
0,1,0,0,0,0
0,0,0,1,0,0
0,0,0,0,0,1
0,0,0,1,0,0
0,1,0,0,0,0
0,1,0,0,0,0
0,1,0,0,0,0
0,0,0,1,0,0
0,0,0,0,0,1
0,1,0,0,0,0
0,0,0,0,0,1
0,1,0,0,0,0
0,1,0,0,0,0
0,1,0,0,0,0
0,0,0,0,0,1
0,0,0,0,0,1
0,1,0,0,0,0
0,1,0,0,0,0
0,1,0,0,0,0
0,0,0,0,0,1
0,1,0,0,0,0
0,1,0,0,0,0
0,1,0,0,0,0
0,0,0,0,1,0
0,0,0,1,0,0
0,1,0,0,0,0
0,1,0,0,0,0
0,1,0,0,0,0
0,1,0,0,0,0
0,1,0,0,0,0
0,1,0,0,0,0
0,0,0,0,0,1
0,1,0,0,0,0
0,1,0,0,0,0
0,1,0,0,0,0
0,1,0,0,0,0
0,0,0,0,0,1
0,0,0,0,0,1
0,1,0,0,0,0
0,1,0,0,0,0
0,1,0,0,0,0
0,1,0,0,0,0
0,1,0,0,0,0
0,1,0,0,0,0
0,1,0,0,0,0
0,1,0,0,0,0
0,1,0,0,0,0
0,1,0,0,0,0
0,0,0,1,0,0
0,0,0,1,0,0
0,0,0,0,0,1
0,1,0,0,0,0
0,1,0,0,0,0
0,1,0,0,0,0
0,1,0,0,0,0
0,0,0,0,0,1
0,1,0,0,0,0
0,0,0,0,0,1
0,0,0,0,0,1
0,1,0,0,0,0
0,1,0,0,0,0
0,1,0,0,0,0
0,1,0,0,0,0
0,1,0,0,0,0
0,0,0,0,0,1
0,0,0,0,0,1
0,1,0,0,0,0
0,1,0,0,0,0
0,1,0,0,0,0
0,0,0,1,0,0
0,0,0,0,0,1
0,1,0,0,0,0
0,0,0,0,0,0
0,1,0,0,0,0
0,1,0,0,0,0
0,0,0,0,0,1
0,1,0,0,0,0
0,1,0,0,0,0
0,0,0,0,0,1
0,1,0,0,0,0
0,0,0,0,0,1
0,0,0,0,0,1
0,0,0,1,0,0
0,0,0,1,0,0
0,0,0,0,0,1
0,1,0,0,0,0
0,1,0,0,0,0
0,1,0,0,0,0
0,0,0,0,0,0
0,1,0,0,0,0
0,0,0,0,0,1
0,0,0,0,0,1
0,1,0,0,0,0
0,1,0,0,0,0
0,1,0,0,0,0
0,0,0,0,0,1
0,1,0,0,0,0
0,0,0,1,0,0
0,1,0,0,0,0
0,1,0,0,0,0
0,0,0,1,0,0
0,1,0,0,0,0
0,0,0,0,0,1
0,0,0,0,0,1
0,1,0,0,0,0
0,1,0,0,0,0
0,0,0,1,0,0
0,1,0,0,0,0
0,0,0,0,0,1
1,0,0,0,0,0
0,1,0,0,0,0
0,0,1,0,0,0
1,0,0,0,0,0
0,1,0,0,0,0
0,1,0,0,0,0
0,1,0,0,0,0
0,0,0,0,0,1
0,1,0,0,0,0
0,1,0,0,0,0
0,0,0,0,0,1
0,1,0,0,0,0
0,1,0,0,0,0
0,0,0,0,0,1
1,0,0,0,0,0
0,0,0,0,0,0
0,1,0,0,0,0
0,0,0,0,0,1
0,0,0,0,0,1
0,1,0,0,0,0
0,0,0,0,0,0
0,1,0,0,0,0
0,1,0,0,0,0
0,1,0,0,0,0
0,0,1,0,0,0
0,1,0,0,0,0
0,0,0,0,0,0
0,0,0,0,0,1
0,0,0,0,0,0
0,1,0,0,0,0
0,0,0,0,0,0
0,0,0,0,1,0
0,0,0,0,0,1
0,1,0,0,0,0
0,1,0,0,0,0
0,0,0,0,0,1
0,1,0,0,0,0
0,0,0,0,0,1
0,0,0,0,0,0
0,0,0,0,0,0
0,1,0,0,0,0
0,1,0,0,0,0
0,1,0,0,0,0
0,1,0,0,0,0
0,1,0,0,0,0
0,1,0,0,0,0
0,0,0,0,0,1
0,0,0,1,0,0
0,0,0,0,0,1
0,0,0,0,0,1
0,0,0,0,0,1
0,1,0,0,0,0
0,1,0,0,0,0
0,1,0,0,0,0
0,0,0,0,0,1
0,0,0,1,0,0
1,0,0,0,0,0
0,0,0,0,0,1
0,1,0,0,0,0
0,1,0,0,0,0
0,1,0,0,0,0
0,1,0,0,0,0
0,1,0,0,0,0
0,0,0,0,0,1
0,1,0,0,0,0
0,1,0,0,0,0
0,1,0,0,0,0
0,0,0,1,0,0
0,1,0,0,0,0
0,1,0,0,0,0
0,1,0,0,0,0
0,0,0,0,0,1
0,1,0,0,0,0
0,0,0,0,0,0
0,1,0,0,0,0
0,1,0,0,0,0
0,1,0,0,0,0
0,0,0,0,0,1
0,1,0,0,0,0
0,1,0,0,0,0
0,0,0,1,0,0
0,0,0,0,0,1
0,0,0,0,0,0
0,0,0,0,0,0
0,1,0,0,0,0
0,0,0,0,0,1
0,1,0,0,0,0
0,0,1,0,0,0
0,1,0,0,0,0
0,1,0,0,0,0
0,0,0,0,0,1
0,1,0,0,0,0
0,1,0,0,0,0
0,0,0,0,0,0
0,0,0,0,0,1
0,1,0,0,0,0
0,0,0,0,0,1
0,0,0,0,0,1
0,0,0,0,0,1
0,1,0,0,0,0
0,0,0,0,0,1
0,1,0,0,0,0
0,1,0,0,0,0
0,1,0,0,0,0
0,1,0,0,0,0
0,0,0,0,0,0
0,0,0,0,0,1
0,1,0,0,0,0
0,0,0,0,0,1
0,0,0,0,0,1
0,1,0,0,0,0
0,1,0,0,0,0
0,0,0,0,0,1
0,0,0,1,0,0
0,1,0,0,0,0
0,0,0,1,0,0
0,1,0,0,0,0
0,0,0,0,0,1
0,0,0,0,0,0
0,1,0,0,0,0
0,0,0,0,0,1
0,1,0,0,0,0
0,0,0,0,0,1
0,1,0,0,0,0
0,0,0,0,0,1
0,1,0,0,0,0
0,0,0,0,0,1
0,1,0,0,0,0
0,1,0,0,0,0
0,1,0,0,0,0
0,0,0,0,0,1
0,1,0,0,0,0
0,0,0,0,0,1
0,1,0,0,0,0
0,1,0,0,0,0
0,1,0,0,0,0
0,1,0,0,0,0
0,1,0,0,0,0
0,0,0,0,0,1
0,0,0,0,0,1
0,0,0,0,0,1
0,0,0,0,0,1
0,1,0,0,0,0
0,0,0,0,0,1
0,0,0,0,0,1
0,1,0,0,0,0
0,1,0,0,0,0
0,0,0,0,0,1
0,1,0,0,0,0
0,0,0,0,0,1
0,1,0,0,0,0
0,1,0,0,0,0
0,0,0,0,0,1
0,1,0,0,0,0
0,1,0,0,0,0
0,0,0,0,0,1
0,1,0,0,0,0
0,1,0,0,0,0
0,1,0,0,0,0
0,1,0,0,0,0
0,0,0,0,0,1
0,1,0,0,0,0
0,1,0,0,0,0
0,0,0,0,0,1
0,1,0,0,0,0
0,0,0,0,0,0
0,1,0,0,0,0
0,1,0,0,0,0
0,1,0,0,0,0
0,0,1,0,0,0
0,1,0,0,0,0
0,1,0,0,0,0
0,0,0,0,0,1
0,0,0,0,0,0
0,1,0,0,0,0
0,1,0,0,0,0
0,0,0,1,0,0
0,1,0,0,0,0
0,0,0,0,0,1
0,1,0,0,0,0
0,0,0,0,0,1
0,0,0,0,0,1
0,0,0,0,0,0
0,0,0,0,0,1
0,1,0,0,0,0
0,0,0,0,0,1
0,0,0,0,0,1
0,1,0,0,0,0
0,1,0,0,0,0
0,1,0,0,0,0
0,0,0,0,0,1
0,1,0,0,0,0
0,0,0,0,0,1
0,1,0,0,0,0
0,1,0,0,0,0
0,1,0,0,0,0
0,1,0,0,0,0
0,1,0,0,0,0
0,0,0,0,0,0
0,0,0,0,0,0
0,1,0,0,0,0
0,1,0,0,0,0
0,1,0,0,0,0
0,1,0,0,0,0
0,1,0,0,0,0
0,1,0,0,0,0
0,0,0,0,0,1
0,1,0,0,0,0
0,0,0,0,0,1
0,1,0,0,0,0
0,1,0,0,0,0
0,1,0,0,0,0
0,1,0,0,0,0
0,1,0,0,0,0
0,1,0,0,0,0
0,1,0,0,0,0
0,1,0,0,0,0
0,0,0,0,0,0
0,0,0,0,0,0
0,1,0,0,0,0
0,0,0,1,0,0
0,0,0,1,0,0
0,0,0,0,0,1
0,1,0,0,0,0
0,1,0,0,0,0
0,1,0,0,0,0
0,1,0,0,0,0
0,1,0,0,0,0
0,1,0,0,0,0
0,0,0,0,0,1
0,1,0,0,0,0
0,1,0,0,0,0
0,0,0,0,0,1
0,1,0,0,0,0
0,1,0,0,0,0
0,1,0,0,0,0
0,1,0,0,0,0
0,1,0,0,0,0
0,0,0,0,0,0
0,0,0,0,0,1
0,0,0,0,0,1
0,1,0,0,0,0
0,1,0,0,0,0
0,1,0,0,0,0
0,0,0,1,0,0
0,0,0,0,0,1
0,1,0,0,0,0
0,1,0,0,0,0
0,0,0,0,0,0
0,0,0,0,0,1
0,0,0,0,0,1
0,1,0,0,0,0
0,1,0,0,0,0
0,1,0,0,0,0
0,1,0,0,0,0
0,1,0,0,0,0
0,0,0,1,0,0
0,1,0,0,0,0
0,0,0,1,0,0
0,0,0,1,0,0
0,1,0,0,0,0
0,1,0,0,0,0
0,0,0,1,0,0
0,1,0,0,0,0
0,0,0,1,0,0
0,1,0,0,0,0
0,1,0,0,0,0
0,1,0,0,0,0
0,1,0,0,0,0
0,1,0,0,0,0
0,1,0,0,0,0
0,1,0,0,0,0
0,1,0,0,0,0
0,0,0,0,0,1
0,1,0,0,0,0
0,1,0,0,0,0
1,0,0,0,0,0
0,1,0,0,0,0
0,1,0,0,0,0
0,1,0,0,0,0
0,1,0,0,0,0
0,1,0,0,0,0
0,0,0,0,0,1
0,1,0,0,0,0
0,1,0,0,0,0
0,1,0,0,0,0
0,1,0,0,0,0
0,1,0,0,0,0
0,0,0,0,0,0
0,1,0,0,0,0
0,1,0,0,0,0
0,0,0,0,0,1
0,0,0,0,0,1
0,1,0,0,0,0
0,0,0,0,0,1
0,1,0,0,0,0
0,1,0,0,0,0
0,0,0,0,0,1
0,1,0,0,0,0
0,0,0,0,0,1
0,1,0,0,0,0
0,1,0,0,0,0
0,0,0,0,0,1
0,1,0,0,0,0
0,1,0,0,0,0
0,0,0,1,0,0
0,1,0,0,0,0
0,1,0,0,0,0
0,0,0,0,0,1
0,0,0,0,0,1
0,0,0,0,0,1
0,1,0,0,0,0
0,0,0,0,0,1
0,0,0,0,0,1
0,0,0,0,0,1
0,0,0,0,0,1
0,1,0,0,0,0
0,0,0,0,0,1
0,0,0,1,0,0
0,0,0,0,0,1
0,0,0,0,0,1
0,1,0,0,0,0
0,1,0,0,0,0
0,1,0,0,0,0
0,1,0,0,0,0
0,1,0,0,0,0
0,0,0,0,0,1
0,1,0,0,0,0
0,0,0,1,0,0
0,1,0,0,0,0
0,1,0,0,0,0
0,1,0,0,0,0
0,0,0,0,0,1
0,1,0,0,0,0
0,1,0,0,0,0
0,0,0,0,1,0
0,0,0,0,0,1
0,0,0,0,0,1
0,1,0,0,0,0
0,1,0,0,0,0
0,0,0,0,0,1
0,1,0,0,0,0
0,0,0,0,0,1
0,0,0,0,0,1
0,0,0,1,0,0
0,1,0,0,0,0
0,1,0,0,0,0
0,1,0,0,0,0
0,0,0,0,0,1
0,0,0,0,1,0
0,0,0,0,0,1
0,0,0,0,0,1
0,0,0,0,0,1
0,1,0,0,0,0
0,0,0,1,0,0
0,0,0,0,0,1
0,1,0,0,0,0
0,1,0,0,0,0
0,1,0,0,0,0
0,0,0,0,0,0
0,1,0,0,0,0
0,0,0,0,0,1
0,1,0,0,0,0
0,1,0,0,0,0
0,1,0,0,0,0
0,0,0,0,0,0
0,0,0,0,0,1
0,1,0,0,0,0
0,0,0,0,0,1
0,1,0,0,0,0
0,0,0,0,0,1
0,1,0,0,0,0
0,1,0,0,0,0
0,0,0,0,0,1
0,1,0,0,0,0
0,1,0,0,0,0
0,0,0,0,0,1
0,0,0,0,0,1
0,0,0,1,0,0
0,1,0,0,0,0
0,1,0,0,0,0
0,0,0,1,0,0
0,1,0,0,0,0
0,1,0,0,0,0
0,0,0,0,0,1
0,1,0,0,0,0
0,1,0,0,0,0
0,1,0,0,0,0
0,1,0,0,0,0
0,1,0,0,0,0
0,0,0,0,0,0
0,1,0,0,0,0
0,0,0,0,0,1
0,1,0,0,0,0
0,0,0,0,0,1
0,1,0,0,0,0
0,1,0,0,0,0
0,1,0,0,0,0
0,1,0,0,0,0
0,0,0,1,0,0
0,1,0,0,0,0
0,1,0,0,0,0
0,0,0,1,0,0
0,0,0,0,0,1
0,0,0,1,0,0
0,0,0,0,0,1
0,0,0,0,0,1
0,1,0,0,0,0
0,0,0,0,0,0
0,1,0,0,0,0
0,0,0,0,0,1
0,1,0,0,0,0
0,1,0,0,0,0
0,1,0,0,0,0
0,0,0,1,0,0
0,1,0,0,0,0
0,0,0,1,0,0
0,1,0,0,0,0
0,0,0,1,0,0
0,0,0,0,0,1
0,1,0,0,0,0
0,1,0,0,0,0
0,1,0,0,0,0
0,1,0,0,0,0
0,0,0,0,0,1
0,1,0,0,0,0
0,0,0,0,0,1
0,1,0,0,0,0
0,1,0,0,0,0
0,1,0,0,0,0
0,0,0,0,0,1
0,0,0,0,0,1
0,1,0,0,0,0
0,0,0,0,0,1
0,1,0,0,0,0
0,1,0,0,0,0
0,0,0,1,0,0
0,0,0,0,0,0
0,0,0,0,0,1
0,0,0,0,0,1
0,1,0,0,0,0
0,1,0,0,0,0
0,0,0,0,0,0
0,0,0,0,0,1
0,1,0,0,0,0
0,0,0,0,0,1
0,1,0,0,0,0
0,0,0,0,0,1
0,0,0,0,0,1
0,1,0,0,0,0
0,0,0,1,0,0
0,0,0,0,0,1
0,1,0,0,0,0
0,0,0,0,0,0
0,0,0,1,0,0
0,1,0,0,0,0
0,0,0,1,0,0
0,1,0,0,0,0
0,0,0,0,0,1
0,0,0,0,0,1
0,1,0,0,0,0
0,0,0,1,0,0
0,1,0,0,0,0
0,0,0,0,0,1
0,1,0,0,0,0
0,0,0,0,0,1
0,1,0,0,0,0
0,1,0,0,0,0
0,0,0,0,0,0
0,1,0,0,0,0
0,1,0,0,0,0
0,0,0,0,0,1
0,1,0,0,0,0
0,1,0,0,0,0
0,1,0,0,0,0
0,1,0,0,0,0
0,1,0,0,0,0
0,0,0,0,0,1
0,1,0,0,0,0
0,1,0,0,0,0
0,0,0,0,0,1
0,1,0,0,0,0
0,1,0,0,0,0
0,1,0,0,0,0
0,1,0,0,0,0
0,1,0,0,0,0
0,1,0,0,0,0
0,1,0,0,0,0
0,0,0,0,0,1
0,0,0,1,0,0
0,1,0,0,0,0
0,0,0,0,0,1
0,1,0,0,0,0
0,1,0,0,0,0
0,1,0,0,0,0
0,0,0,0,0,0
0,0,1,0,0,0
0,1,0,0,0,0
0,0,0,0,0,1
0,1,0,0,0,0
0,0,0,0,0,1
0,0,0,0,0,1
0,1,0,0,0,0
0,1,0,0,0,0
0,1,0,0,0,0
0,1,0,0,0,0
0,0,0,0,0,1
0,1,0,0,0,0
0,1,0,0,0,0
0,1,0,0,0,0
0,1,0,0,0,0
0,0,0,0,0,1
0,1,0,0,0,0
0,0,0,0,0,1
0,0,0,0,0,1
0,0,0,0,0,1
0,0,0,0,0,1
0,1,0,0,0,0
0,1,0,0,0,0
0,1,0,0,0,0
0,0,0,1,0,0
0,0,0,0,0,1
0,1,0,0,0,0
0,0,0,0,0,1
0,1,0,0,0,0
0,1,0,0,0,0
0,1,0,0,0,0
0,0,0,1,0,0
0,1,0,0,0,0
1,0,0,0,0,0
0,0,0,0,0,1
0,1,0,0,0,0
0,0,0,0,0,1
0,1,0,0,0,0
0,1,0,0,0,0
0,1,0,0,0,0
0,0,0,1,0,0
0,1,0,0,0,0
0,1,0,0,0,0
0,1,0,0,0,0
0,1,0,0,0,0
0,1,0,0,0,0
0,1,0,0,0,0
0,0,0,0,0,1
0,1,0,0,0,0
0,1,0,0,0,0
0,0,0,0,0,1
0,0,0,0,0,0
0,0,0,0,0,1
0,1,0,0,0,0
0,1,0,0,0,0
0,0,0,0,0,1
0,1,0,0,0,0
0,1,0,0,0,0
0,1,0,0,0,0
0,1,0,0,0,0
0,1,0,0,0,0
0,1,0,0,0,0
0,0,0,0,0,1
0,1,0,0,0,0
0,0,0,0,0,1
0,0,0,0,0,1
0,1,0,0,0,0
0,0,0,1,0,0
0,0,0,1,0,0
0,0,0,0,0,1
0,1,0,0,0,0
0,0,0,0,0,1
0,1,0,0,0,0
0,0,0,0,0,1
0,0,0,0,0,1
0,1,0,0,0,0
0,0,0,0,0,1
0,1,0,0,0,0
0,0,0,0,0,1
0,1,0,0,0,0
0,0,0,0,0,1
0,1,0,0,0,0
0,1,0,0,0,0
0,1,0,0,0,0
0,1,0,0,0,0
0,0,0,0,0,0
0,0,0,0,0,1
0,1,0,0,0,0
0,1,0,0,0,0
0,0,0,1,0,0
1,0,0,0,0,0
0,1,0,0,0,0
0,1,0,0,0,0
0,1,0,0,0,0
0,1,0,0,0,0
0,1,0,0,0,0
0,1,0,0,0,0
0,1,0,0,0,0
0,0,0,0,0,1
0,0,0,1,0,0
0,0,0,0,0,1
0,0,0,0,0,1
0,1,0,0,0,0
0,0,0,0,0,1
0,0,0,0,0,1
0,1,0,0,0,0
1,0,0,0,0,0
0,0,0,1,0,0
0,0,0,0,0,1
0,1,0,0,0,0
0,0,0,0,0,0
0,1,0,0,0,0
0,1,0,0,0,0
0,1,0,0,0,0
0,1,0,0,0,0
0,1,0,0,0,0
0,0,0,1,0,0
0,0,0,1,0,0
0,1,0,0,0,0
0,0,0,0,0,1
0,1,0,0,0,0
0,1,0,0,0,0
0,1,0,0,0,0
0,1,0,0,0,0
0,0,0,0,0,1
0,0,0,1,0,0
0,0,0,0,0,1
0,1,0,0,0,0
0,1,0,0,0,0
0,0,0,0,0,1
0,0,0,0,0,1
0,1,0,0,0,0
0,1,0,0,0,0
0,1,0,0,0,0
0,1,0,0,0,0
0,1,0,0,0,0
0,0,0,0,0,1
0,1,0,0,0,0
0,0,0,1,0,0
0,0,1,0,0,0
0,0,0,0,0,0
0,1,0,0,0,0
0,1,0,0,0,0
0,1,0,0,0,0
0,1,0,0,0,0
0,1,0,0,0,0
0,1,0,0,0,0
0,1,0,0,0,0
0,0,0,1,0,0
0,0,0,0,0,0
0,0,0,1,0,0
0,0,0,0,0,1
0,0,1,0,0,0
0,0,0,0,0,1
0,0,0,0,0,1
0,1,0,0,0,0
0,1,0,0,0,0
0,0,0,0,0,1
0,0,0,0,0,1
0,1,0,0,0,0
0,1,0,0,0,0
0,0,0,0,0,1
0,0,0,0,0,1
0,1,0,0,0,0
0,0,0,0,0,1
0,1,0,0,0,0
0,0,0,0,0,1
0,0,0,0,0,1
0,0,0,0,0,0
0,0,0,0,0,1
0,0,0,1,0,0
0,1,0,0,0,0
0,1,0,0,0,0
0,1,0,0,0,0
0,1,0,0,0,0
0,0,0,0,0,1
0,1,0,0,0,0
0,1,0,0,0,0
0,1,0,0,0,0
0,1,0,0,0,0
0,1,0,0,0,0
0,1,0,0,0,0
0,1,0,0,0,0
0,0,0,1,0,0
0,0,0,0,0,1
0,0,0,0,0,0
0,1,0,0,0,0
0,1,0,0,0,0
0,0,0,0,0,1
0,1,0,0,0,0
0,1,0,0,0,0
0,1,0,0,0,0
0,1,0,0,0,0
0,0,0,0,0,1
0,1,0,0,0,0
0,1,0,0,0,0
0,1,0,0,0,0
0,0,0,0,0,0
0,1,0,0,0,0
0,0,0,1,0,0
0,0,0,0,0,0
0,1,0,0,0,0
0,1,0,0,0,0
0,1,0,0,0,0
0,1,0,0,0,0
0,0,0,0,0,1
0,0,0,0,0,1
0,1,0,0,0,0
0,1,0,0,0,0
