mas_vnr_type_BrkCmn,mas_vnr_type_BrkFace,mas_vnr_type_None,mas_vnr_type_Stone
0,1,0,0
0,1,0,0
0,0,1,0
0,0,1,0
0,0,1,0
0,0,1,0
0,1,0,0
0,1,0,0
0,0,1,0
0,1,0,0
0,1,0,0
0,0,1,0
0,0,1,0
0,1,0,0
0,0,1,0
0,0,1,0
0,0,1,0
0,0,1,0
0,1,0,0
0,0,1,0
0,0,1,0
0,0,1,0
0,0,0,0
0,0,1,0
0,0,1,0
0,1,0,0
0,0,1,0
0,0,1,0
0,0,1,0
0,0,1,0
0,0,1,0
0,0,1,0
0,0,1,0
0,0,1,0
0,0,0,1
0,1,0,0
0,0,1,0
0,1,0,0
0,1,0,0
0,0,1,0
0,0,1,0
0,0,0,0
0,1,0,0
0,1,0,0
0,0,1,0
0,0,0,1
0,0,1,0
0,0,1,0
0,0,0,1
0,0,0,1
0,1,0,0
0,0,1,0
0,1,0,0
0,0,1,0
0,1,0,0
0,0,0,1
0,0,1,0
0,0,1,0
0,0,1,0
0,0,1,0
0,1,0,0
0,0,1,0
0,0,1,0
0,0,1,0
0,0,1,0
0,0,1,0
0,0,1,0
0,0,0,1
0,0,0,1
0,1,0,0
0,0,0,1
0,1,0,0
0,0,1,0
0,0,0,1
0,1,0,0
0,0,1,0
0,0,0,1
0,0,1,0
0,1,0,0
0,0,1,0
0,0,1,0
0,0,0,1
0,0,1,0
0,0,1,0
0,1,0,0
0,1,0,0
0,0,0,0
0,0,1,0
0,1,0,0
0,1,0,0
0,0,1,0
0,1,0,0
0,0,1,0
0,0,1,0
0,1,0,0
0,0,0,1
0,1,0,0
0,0,1,0
0,1,0,0
0,1,0,0
0,1,0,0
0,0,1,0
0,0,1,0
0,0,1,0
0,0,1,0
0,1,0,0
0,0,1,0
0,0,1,0
0,0,0,1
0,0,0,1
0,0,1,0
0,0,1,0
0,0,1,0
0,1,0,0
0,0,1,0
0,1,0,0
0,1,0,0
0,1,0,0
0,0,0,1
0,0,1,0
0,0,1,0
0,0,1,0
0,1,0,0
0,0,1,0
0,0,1,0
0,1,0,0
0,0,1,0
0,0,1,0
0,0,1,0
0,0,1,0
0,0,1,0
0,0,1,0
0,0,1,0
0,0,1,0
0,0,1,0
0,1,0,0
0,0,1,0
0,0,0,1
0,1,0,0
0,0,1,0
0,0,1,0
0,0,1,0
0,0,1,0
0,0,1,0
0,0,1,0
0,0,1,0
0,1,0,0
0,1,0,0
0,1,0,0
0,0,1,0
0,1,0,0
0,0,0,1
0,0,1,0
0,0,1,0
0,0,1,0
0,0,1,0
0,0,1,0
0,1,0,0
0,1,0,0
0,1,0,0
0,0,1,0
0,1,0,0
0,0,1,0
0,0,0,1
0,0,1,0
0,0,1,0
0,0,1,0
0,0,1,0
0,0,1,0
0,0,1,0
0,0,1,0
0,0,1,0
0,0,1,0
0,0,0,1
0,1,0,0
0,0,1,0
0,0,1,0
0,1,0,0
0,1,0,0
0,1,0,0
0,0,1,0
0,0,1,0
0,0,1,0
0,0,1,0
0,1,0,0
0,0,1,0
0,1,0,0
0,0,0,1
0,1,0,0
0,1,0,0
0,1,0,0
0,0,1,0
0,0,1,0
0,1,0,0
0,1,0,0
0,1,0,0
0,1,0,0
0,0,1,0
0,0,1,0
0,1,0,0
0,0,1,0
0,0,0,1
0,1,0,0
0,0,1,0
0,0,0,1
0,0,1,0
0,0,1,0
0,0,1,0
0,1,0,0
0,0,1,0
0,1,0,0
0,0,1,0
0,0,0,0
0,0,1,0
0,0,1,0
0,1,0,0
0,0,1,0
0,0,1,0
0,1,0,0
0,0,1,0
0,0,1,0
0,0,1,0
0,0,1,0
0,0,1,0
0,0,1,0
0,0,1,0
0,1,0,0
0,1,0,0
0,0,1,0
0,1,0,0
0,1,0,0
0,1,0,0
0,0,1,0
0,0,1,0
0,0,0,1
0,0,1,0
0,1,0,0
0,1,0,0
0,0,0,1
0,1,0,0
0,1,0,0
0,0,0,1
0,0,0,1
0,0,0,1
0,0,1,0
0,0,1,0
0,0,1,0
0,1,0,0
0,0,1,0
0,0,1,0
0,1,0,0
0,0,1,0
0,0,1,0
0,1,0,0
0,0,1,0
0,0,1,0
0,0,1,0
0,1,0,0
0,0,1,0
0,0,1,0
0,0,1,0
0,0,1,0
0,0,1,0
0,0,0,1
0,0,1,0
0,0,1,0
0,0,1,0
0,0,1,0
0,0,1,0
0,0,1,0
0,1,0,0
0,0,1,0
0,0,1,0
0,0,1,0
0,0,1,0
0,1,0,0
0,0,0,0
0,1,0,0
0,0,1,0
0,0,1,0
0,0,1,0
0,1,0,0
0,0,1,0
0,1,0,0
0,1,0,0
0,1,0,0
0,0,0,1
0,0,1,0
0,1,0,0
0,1,0,0
0,0,1,0
0,0,1,0
0,1,0,0
0,1,0,0
0,0,1,0
0,0,1,0
0,0,1,0
0,0,1,0
0,0,1,0
0,0,1,0
0,0,1,0
0,1,0,0
0,0,1,0
0,0,1,0
0,1,0,0
0,0,1,0
0,0,1,0
0,0,1,0
0,0,1,0
0,0,1,0
0,1,0,0
0,1,0,0
0,0,1,0
0,0,0,1
0,0,1,0
0,0,1,0
0,1,0,0
0,1,0,0
0,0,1,0
0,1,0,0
0,0,1,0
0,0,1,0
0,0,1,0
0,0,1,0
0,0,1,0
0,0,1,0
0,1,0,0
0,0,1,0
0,0,1,0
0,0,1,0
0,0,1,0
0,1,0,0
0,1,0,0
0,0,1,0
0,0,1,0
0,1,0,0
0,0,1,0
0,0,0,1
0,0,0,0
0,0,1,0
0,0,1,0
0,0,1,0
0,1,0,0
0,1,0,0
0,0,0,1
0,0,1,0
0,0,1,0
0,0,1,0
0,1,0,0
0,0,1,0
0,0,1,0
0,0,1,0
0,0,1,0
0,0,1,0
0,1,0,0
0,1,0,0
0,0,1,0
0,0,1,0
0,0,0,1
0,1,0,0
0,0,1,0
0,1,0,0
0,0,1,0
0,0,1,0
0,1,0,0
0,0,1,0
0,0,1,0
0,0,1,0
0,1,0,0
0,1,0,0
0,0,1,0
0,0,1,0
0,0,1,0
0,0,1,0
0,0,1,0
0,0,1,0
0,1,0,0
0,0,1,0
0,1,0,0
0,0,1,0
0,0,1,0
0,0,1,0
0,0,1,0
0,0,1,0
0,1,0,0
0,1,0,0
0,0,1,0
0,0,0,1
0,0,1,0
0,1,0,0
0,0,1,0
0,0,1,0
0,1,0,0
0,0,1,0
0,0,1,0
0,1,0,0
0,0,1,0
0,1,0,0
0,0,0,1
0,1,0,0
0,0,0,1
0,0,1,0
0,0,1,0
0,1,0,0
0,1,0,0
0,0,1,0
0,1,0,0
0,0,1,0
0,0,1,0
0,0,1,0
0,0,1,0
0,1,0,0
0,0,1,0
0,0,1,0
0,0,0,1
0,0,1,0
0,0,1,0
0,0,1,0
0,0,1,0
0,0,1,0
0,0,1,0
0,0,1,0
0,0,0,1
0,1,0,0
0,0,1,0
0,0,1,0
0,0,1,0
0,1,0,0
0,1,0,0
0,0,1,0
0,0,1,0
0,0,0,0
0,0,1,0
0,1,0,0
0,0,1,0
0,1,0,0
0,0,1,0
0,0,1,0
0,1,0,0
0,0,1,0
0,0,1,0
0,0,1,0
0,0,1,0
0,1,0,0
0,1,0,0
0,0,1,0
0,1,0,0
0,1,0,0
0,1,0,0
0,0,1,0
0,0,1,0
0,0,0,0
0,1,0,0
0,1,0,0
0,0,1,0
0,0,1,0
0,0,1,0
0,0,1,0
0,0,1,0
0,0,1,0
0,0,1,0
0,0,1,0
0,0,1,0
0,1,0,0
0,0,1,0
0,1,0,0
0,1,0,0
0,0,1,0
0,0,1,0
0,1,0,0
0,0,1,0
1,0,0,0
0,0,1,0
0,0,0,1
0,0,1,0
0,1,0,0
0,0,1,0
0,1,0,0
0,0,1,0
0,0,1,0
0,1,0,0
0,1,0,0
0,1,0,0
0,1,0,0
0,0,1,0
0,0,1,0
0,0,1,0
0,0,1,0
0,1,0,0
0,1,0,0
0,0,1,0
0,0,1,0
0,1,0,0
0,0,1,0
0,1,0,0
0,0,1,0
0,0,1,0
0,0,1,0
0,0,0,1
0,0,1,0
0,1,0,0
0,0,1,0
0,0,1,0
0,0,1,0
0,1,0,0
0,0,1,0
0,1,0,0
0,1,0,0
0,0,1,0
0,0,0,1
0,0,1,0
0,1,0,0
0,1,0,0
0,0,1,0
0,0,1,0
0,1,0,0
0,1,0,0
0,1,0,0
0,0,1,0
0,0,1,0
0,0,1,0
0,0,1,0
0,1,0,0
0,0,1,0
0,0,1,0
0,0,1,0
0,1,0,0
0,0,1,0
1,0,0,0
0,0,0,1
0,1,0,0
0,1,0,0
0,1,0,0
0,0,1,0
0,1,0,0
0,0,1,0
0,0,1,0
0,1,0,0
0,0,1,0
0,0,1,0
0,0,0,1
0,1,0,0
0,0,1,0
0,0,1,0
0,0,1,0
0,0,1,0
0,0,1,0
0,0,1,0
0,0,1,0
0,0,1,0
0,0,1,0
0,0,1,0
0,1,0,0
0,1,0,0
0,0,1,0
0,0,1,0
0,0,1,0
1,0,0,0
0,0,1,0
0,1,0,0
0,0,1,0
0,1,0,0
0,0,1,0
0,1,0,0
0,0,1,0
0,1,0,0
0,1,0,0
0,1,0,0
0,1,0,0
0,0,1,0
0,0,1,0
0,1,0,0
0,0,1,0
0,0,1,0
0,0,1,0
0,1,0,0
0,0,1,0
0,0,1,0
0,0,1,0
0,0,1,0
1,0,0,0
0,0,1,0
0,0,0,1
0,1,0,0
0,1,0,0
0,1,0,0
0,0,1,0
0,0,1,0
0,0,1,0
0,1,0,0
0,0,1,0
0,0,0,0
0,1,0,0
0,1,0,0
0,0,0,1
0,1,0,0
0,1,0,0
0,1,0,0
0,1,0,0
0,0,1,0
0,1,0,0
0,1,0,0
0,1,0,0
0,0,1,0
0,1,0,0
0,1,0,0
0,1,0,0
0,1,0,0
0,0,1,0
0,1,0,0
0,0,1,0
0,1,0,0
0,0,1,0
0,1,0,0
0,1,0,0
0,0,1,0
0,0,1,0
0,0,1,0
0,0,1,0
0,0,1,0
0,1,0,0
0,0,0,1
0,0,0,1
0,0,0,1
0,0,1,0
0,0,1,0
0,0,1,0
0,0,1,0
0,1,0,0
0,0,1,0
0,0,1,0
0,1,0,0
0,1,0,0
0,0,1,0
0,0,1,0
0,0,1,0
0,1,0,0
0,0,0,1
0,0,1,0
0,1,0,0
0,1,0,0
0,0,1,0
0,0,1,0
0,0,1,0
0,0,1,0
0,0,0,1
0,1,0,0
0,0,1,0
0,0,1,0
0,0,1,0
0,1,0,0
0,0,1,0
0,0,1,0
0,0,1,0
0,0,1,0
0,0,1,0
0,0,1,0
0,0,1,0
0,0,1,0
0,0,1,0
0,0,1,0
0,1,0,0
0,0,1,0
0,0,1,0
0,0,1,0
0,1,0,0
0,0,1,0
0,0,1,0
0,1,0,0
0,1,0,0
0,0,1,0
0,0,1,0
0,0,1,0
0,1,0,0
0,0,1,0
0,0,1,0
0,0,1,0
0,0,1,0
0,0,1,0
0,0,1,0
0,1,0,0
0,0,1,0
0,1,0,0
0,0,1,0
0,1,0,0
0,0,0,1
0,0,1,0
0,0,1,0
0,0,1,0
0,0,1,0
0,0,1,0
0,0,1,0
0,0,1,0
0,0,0,1
0,0,0,1
0,0,1,0
0,0,1,0
0,0,1,0
0,0,1,0
0,1,0,0
0,0,1,0
0,1,0,0
0,1,0,0
0,0,1,0
0,0,1,0
0,0,1,0
0,1,0,0
0,1,0,0
0,0,1,0
0,1,0,0
0,0,0,1
0,1,0,0
0,0,1,0
0,0,1,0
0,1,0,0
0,0,1,0
1,0,0,0
0,0,1,0
0,0,1,0
0,1,0,0
0,1,0,0
0,0,0,1
0,1,0,0
0,0,1,0
0,1,0,0
0,0,1,0
0,0,0,1
0,1,0,0
0,0,0,1
0,0,0,1
0,0,1,0
0,1,0,0
0,0,1,0
0,0,1,0
0,1,0,0
0,0,0,1
0,0,1,0
0,0,1,0
0,0,1,0
0,0,1,0
0,0,1,0
0,0,1,0
0,0,1,0
0,1,0,0
0,0,1,0
0,0,1,0
0,0,0,1
0,1,0,0
0,0,0,1
0,0,1,0
0,0,1,0
0,0,1,0
0,0,1,0
0,1,0,0
0,0,1,0
0,0,1,0
0,1,0,0
0,1,0,0
0,0,1,0
0,0,1,0
0,0,1,0
0,1,0,0
0,0,1,0
0,0,1,0
0,0,1,0
0,0,1,0
0,0,1,0
0,0,1,0
0,0,1,0
0,0,1,0
0,1,0,0
0,0,1,0
0,0,1,0
0,0,1,0
0,1,0,0
0,0,1,0
0,0,1,0
0,1,0,0
0,0,0,1
0,1,0,0
0,0,0,1
0,0,1,0
0,0,1,0
0,0,1,0
0,0,1,0
0,0,1,0
0,0,1,0
0,0,1,0
0,1,0,0
0,0,1,0
0,0,1,0
0,0,1,0
0,0,0,1
0,0,1,0
0,0,1,0
0,1,0,0
0,1,0,0
0,0,1,0
0,0,1,0
0,0,1,0
0,1,0,0
0,0,1,0
0,0,1,0
0,1,0,0
0,0,1,0
0,0,1,0
0,1,0,0
0,0,1,0
0,1,0,0
0,0,0,1
0,0,1,0
0,0,1,0
0,1,0,0
0,0,1,0
0,0,1,0
0,1,0,0
0,1,0,0
0,0,1,0
0,0,1,0
0,0,1,0
0,0,1,0
0,0,1,0
0,0,1,0
0,1,0,0
0,0,1,0
0,0,0,1
0,0,1,0
0,1,0,0
0,0,1,0
0,0,1,0
0,0,1,0
0,0,1,0
0,0,0,1
0,0,1,0
0,0,1,0
0,1,0,0
0,0,1,0
0,0,1,0
0,0,0,1
0,1,0,0
1,0,0,0
0,0,1,0
0,1,0,0
0,0,1,0
0,0,0,0
0,0,0,1
0,1,0,0
0,0,1,0
0,1,0,0
0,1,0,0
0,0,1,0
0,1,0,0
0,0,0,1
0,0,1,0
0,0,1,0
0,0,1,0
0,1,0,0
0,1,0,0
0,0,1,0
0,0,1,0
0,1,0,0
0,1,0,0
0,0,1,0
0,1,0,0
0,1,0,0
0,0,1,0
0,1,0,0
0,0,0,1
0,1,0,0
0,0,1,0
0,0,1,0
0,0,1,0
0,0,0,1
0,0,1,0
0,0,1,0
0,1,0,0
0,0,1,0
0,0,0,1
0,0,1,0
0,1,0,0
0,0,0,1
0,0,1,0
0,0,1,0
0,0,1,0
0,1,0,0
0,0,1,0
0,0,1,0
0,1,0,0
0,0,1,0
0,0,1,0
0,1,0,0
0,0,1,0
0,1,0,0
0,0,1,0
0,0,1,0
0,0,1,0
0,0,1,0
0,0,1,0
0,0,1,0
0,0,1,0
0,1,0,0
0,0,1,0
0,1,0,0
0,1,0,0
0,0,1,0
0,0,0,1
0,1,0,0
0,0,1,0
0,0,1,0
0,1,0,0
0,1,0,0
0,0,1,0
0,0,1,0
0,0,0,0
0,0,0,1
0,1,0,0
0,1,0,0
0,1,0,0
0,0,1,0
0,0,1,0
0,1,0,0
0,0,1,0
0,0,0,1
0,0,1,0
0,0,1,0
0,0,1,0
0,0,1,0
0,1,0,0
0,0,1,0
0,1,0,0
0,1,0,0
0,1,0,0
0,0,1,0
0,0,1,0
0,1,0,0
0,1,0,0
0,0,1,0
0,0,1,0
0,0,1,0
0,0,0,0
0,1,0,0
0,1,0,0
0,0,1,0
0,0,1,0
0,1,0,0
0,0,1,0
0,1,0,0
0,0,1,0
0,1,0,0
0,1,0,0
0,0,1,0
0,0,1,0
0,0,1,0
0,0,1,0
0,0,1,0
0,0,1,0
0,0,1,0
0,0,1,0
0,1,0,0
0,0,1,0
0,0,0,1
0,0,1,0
0,0,1,0
0,0,0,1
0,0,1,0
0,0,0,1
0,0,1,0
0,0,1,0
0,0,1,0
0,1,0,0
0,0,1,0
0,1,0,0
0,0,1,0
0,0,1,0
0,0,1,0
0,0,1,0
0,1,0,0
0,0,0,1
0,0,1,0
0,1,0,0
0,1,0,0
0,0,1,0
0,1,0,0
0,0,1,0
0,0,1,0
0,0,1,0
0,1,0,0
0,1,0,0
0,0,1,0
0,0,1,0
0,0,1,0
0,0,1,0
0,0,0,1
0,0,1,0
0,1,0,0
0,1,0,0
0,0,1,0
0,1,0,0
0,1,0,0
0,1,0,0
0,0,1,0
0,0,1,0
0,1,0,0
0,1,0,0
0,1,0,0
0,0,1,0
0,0,1,0
0,0,1,0
0,1,0,0
0,0,1,0
0,0,1,0
0,1,0,0
0,0,1,0
0,0,1,0
0,0,1,0
0,1,0,0
0,1,0,0
0,0,1,0
0,1,0,0
0,0,1,0
0,0,1,0
0,1,0,0
0,0,1,0
0,0,1,0
0,0,1,0
0,0,0,0
0,0,1,0
0,0,0,1
0,0,1,0
0,1,0,0
0,0,1,0
0,0,1,0
0,0,1,0
0,0,1,0
0,0,1,0
0,0,1,0
0,0,0,1
0,0,1,0
0,0,1,0
0,0,1,0
0,0,1,0
0,1,0,0
0,0,1,0
0,0,1,0
0,1,0,0
0,0,1,0
0,0,1,0
0,0,1,0
0,0,1,0
0,0,1,0
0,0,1,0
0,0,1,0
0,0,1,0
0,0,1,0
0,0,1,0
0,0,1,0
0,1,0,0
0,0,1,0
0,0,0,1
0,1,0,0
0,0,0,1
0,0,1,0
0,0,1,0
0,1,0,0
0,0,1,0
0,0,1,0
0,0,1,0
0,0,1,0
0,0,1,0
0,0,1,0
0,1,0,0
0,0,1,0
0,0,1,0
0,0,1,0
0,1,0,0
0,1,0,0
0,0,1,0
0,0,1,0
0,0,1,0
0,0,1,0
0,0,0,1
0,0,0,1
0,0,1,0
0,0,1,0
0,1,0,0
0,1,0,0
0,0,1,0
0,0,0,1
0,0,1,0
0,0,1,0
0,0,1,0
0,0,0,1
0,1,0,0
0,0,1,0
0,0,1,0
0,1,0,0
0,1,0,0
0,0,1,0
0,0,1,0
0,0,1,0
0,1,0,0
0,0,1,0
0,0,1,0
0,1,0,0
0,0,1,0
0,1,0,0
0,1,0,0
0,0,1,0
0,0,0,1
0,0,1,0
0,0,1,0
0,0,1,0
0,0,1,0
0,0,1,0
0,1,0,0
0,0,1,0
0,0,1,0
0,1,0,0
0,0,1,0
0,0,1,0
0,0,1,0
0,0,1,0
0,1,0,0
0,0,1,0
0,0,1,0
0,1,0,0
0,1,0,0
0,1,0,0
0,0,1,0
0,0,1,0
0,1,0,0
0,0,1,0
0,0,0,1
0,1,0,0
0,0,1,0
0,1,0,0
0,1,0,0
0,1,0,0
0,1,0,0
0,1,0,0
0,0,1,0
0,0,1,0
0,1,0,0
0,1,0,0
1,0,0,0
0,0,1,0
0,0,1,0
0,1,0,0
0,0,1,0
0,1,0,0
0,0,1,0
0,1,0,0
0,0,1,0
0,0,1,0
0,0,1,0
0,0,1,0
0,0,1,0
0,0,1,0
0,0,0,1
0,0,1,0
0,0,0,1
0,0,1,0
0,0,1,0
0,1,0,0
0,0,0,1
0,0,1,0
0,0,1,0
0,1,0,0
0,0,1,0
0,0,1,0
0,1,0,0
0,1,0,0
0,1,0,0
0,1,0,0
0,0,1,0
0,1,0,0
0,0,1,0
0,0,1,0
0,0,1,0
0,1,0,0
0,1,0,0
0,0,1,0
0,0,0,1
0,1,0,0
0,0,1,0
0,1,0,0
0,1,0,0
0,0,0,1
0,1,0,0
0,0,1,0
0,1,0,0
0,0,1,0
0,0,1,0
0,0,1,0
0,1,0,0
0,1,0,0
0,1,0,0
0,0,1,0
0,0,1,0
0,1,0,0
0,0,1,0
0,1,0,0
0,0,1,0
0,1,0,0
0,0,1,0
0,0,1,0
0,0,1,0
0,1,0,0
0,1,0,0
0,1,0,0
0,1,0,0
0,0,1,0
0,0,1,0
0,0,1,0
0,0,1,0
0,0,1,0
0,0,1,0
0,0,1,0
0,1,0,0
0,0,1,0
0,0,1,0
0,0,0,1
0,0,1,0
0,1,0,0
1,0,0,0
0,1,0,0
0,1,0,0
0,1,0,0
0,0,1,0
0,0,0,1
0,1,0,0
0,0,1,0
0,0,0,1
0,1,0,0
0,0,1,0
0,0,1,0
0,0,1,0
0,0,1,0
0,0,0,1
0,0,1,0
0,1,0,0
0,0,1,0
0,1,0,0
0,0,1,0
0,0,0,0
0,0,1,0
0,0,1,0
0,0,1,0
0,0,1,0
0,0,1,0
0,1,0,0
0,0,1,0
0,0,1,0
0,0,1,0
0,1,0,0
0,0,1,0
0,0,1,0
0,0,1,0
0,0,1,0
0,1,0,0
0,0,1,0
0,0,0,1
0,1,0,0
0,1,0,0
0,1,0,0
0,1,0,0
0,1,0,0
0,0,1,0
0,1,0,0
0,0,1,0
0,0,1,0
0,1,0,0
0,1,0,0
0,1,0,0
0,1,0,0
0,1,0,0
0,0,0,1
0,0,1,0
0,0,1,0
0,0,1,0
0,1,0,0
0,1,0,0
0,1,0,0
0,0,1,0
0,0,1,0
0,0,1,0
0,1,0,0
0,0,1,0
0,1,0,0
0,0,1,0
0,0,1,0
0,0,1,0
0,0,1,0
0,1,0,0
0,1,0,0
0,0,1,0
0,1,0,0
0,0,1,0
0,0,1,0
0,1,0,0
0,0,1,0
0,0,1,0
0,0,1,0
0,1,0,0
0,0,1,0
0,1,0,0
0,0,0,0
0,0,1,0
0,0,1,0
0,0,1,0
0,0,1,0
0,1,0,0
0,0,1,0
0,0,1,0
0,1,0,0
0,0,1,0
0,0,1,0
0,0,1,0
0,0,1,0
0,0,1,0
0,0,0,1
0,0,1,0
0,1,0,0
0,0,1,0
0,0,1,0
0,0,1,0
0,0,1,0
0,0,1,0
0,0,1,0
0,1,0,0
0,0,1,0
0,1,0,0
0,0,1,0
0,0,1,0
0,1,0,0
0,0,1,0
0,1,0,0
0,1,0,0
0,0,1,0
0,0,1,0
0,0,1,0
0,1,0,0
0,0,0,1
0,1,0,0
0,1,0,0
0,0,1,0
0,1,0,0
0,0,1,0
0,0,0,1
0,0,1,0
0,0,1,0
0,0,1,0
0,0,1,0
0,0,1,0
0,1,0,0
0,0,1,0
0,0,1,0
0,1,0,0
0,0,0,1
0,0,1,0
0,0,1,0
0,0,1,0
1,0,0,0
0,0,1,0
0,0,1,0
0,1,0,0
0,0,1,0
0,0,1,0
0,1,0,0
0,0,1,0
0,0,1,0
0,0,1,0
0,0,1,0
0,0,1,0
0,0,1,0
0,0,0,1
0,0,1,0
0,0,1,0
0,0,1,0
0,0,1,0
0,0,0,1
0,0,1,0
0,1,0,0
0,0,1,0
0,0,1,0
0,0,1,0
0,1,0,0
0,0,1,0
0,0,1,0
0,1,0,0
0,1,0,0
0,0,1,0
0,0,1,0
0,1,0,0
0,0,1,0
0,0,1,0
0,1,0,0
0,1,0,0
0,1,0,0
0,0,1,0
0,1,0,0
0,0,0,1
0,1,0,0
0,0,1,0
0,0,0,1
0,0,1,0
0,1,0,0
0,0,1,0
0,1,0,0
0,1,0,0
0,1,0,0
0,0,1,0
0,1,0,0
0,0,1,0
0,0,1,0
0,0,1,0
0,1,0,0
0,0,1,0
0,0,1,0
0,0,1,0
0,1,0,0
0,0,0,1
0,0,1,0
0,0,1,0
0,0,1,0
0,0,1,0
0,0,1,0
0,0,1,0
0,0,1,0
0,0,1,0
0,0,0,0
0,1,0,0
0,0,1,0
0,0,1,0
0,0,0,0
0,1,0,0
0,0,1,0
0,0,0,1
0,0,0,1
0,0,1,0
0,0,1,0
0,0,1,0
0,0,1,0
0,0,1,0
0,0,1,0
0,1,0,0
0,0,0,1
0,0,1,0
0,0,0,1
0,0,1,0
0,0,1,0
0,0,1,0
0,0,1,0
0,0,1,0
0,0,1,0
0,1,0,0
0,0,1,0
1,0,0,0
0,0,1,0
0,1,0,0
0,0,1,0
0,1,0,0
0,0,1,0
0,0,1,0
0,0,1,0
0,0,1,0
0,0,1,0
0,0,1,0
0,0,1,0
0,1,0,0
0,0,1,0
0,0,1,0
0,0,1,0
0,0,1,0
0,0,0,1
0,0,1,0
0,0,1,0
0,1,0,0
0,0,1,0
0,0,1,0
0,0,0,1
0,0,1,0
0,0,1,0
0,0,1,0
0,0,1,0
0,0,1,0
0,0,1,0
0,1,0,0
0,0,1,0
0,1,0,0
0,0,1,0
0,0,1,0
0,1,0,0
0,0,0,1
0,0,1,0
0,1,0,0
0,0,1,0
0,0,1,0
0,1,0,0
0,0,1,0
0,0,0,1
0,0,1,0
0,0,1,0
0,1,0,0
0,0,1,0
0,1,0,0
0,0,1,0
0,0,1,0
0,0,1,0
0,0,1,0
0,0,1,0
0,0,1,0
0,0,1,0
0,0,1,0
0,0,1,0
0,0,1,0
0,0,1,0
0,1,0,0
0,0,1,0
0,1,0,0
0,0,1,0
0,0,1,0
0,0,0,1
0,0,1,0
0,1,0,0
0,0,1,0
0,0,1,0
0,1,0,0
0,0,1,0
0,0,1,0
0,1,0,0
0,0,1,0
0,0,1,0
0,0,1,0
0,1,0,0
0,1,0,0
0,1,0,0
0,0,0,1
0,0,1,0
0,0,1,0
0,0,1,0
0,1,0,0
0,1,0,0
0,0,1,0
0,0,1,0
0,0,1,0
0,1,0,0
0,1,0,0
0,0,1,0
0,0,1,0
0,1,0,0
0,1,0,0
0,1,0,0
0,1,0,0
0,1,0,0
0,0,1,0
0,0,1,0
0,0,1,0
0,0,1,0
0,1,0,0
0,1,0,0
0,0,1,0
0,0,1,0
0,0,1,0
0,0,1,0
0,1,0,0
0,1,0,0
0,0,1,0
0,0,1,0
0,0,0,1
0,0,1,0
0,0,1,0
0,1,0,0
0,0,0,1
0,1,0,0
0,0,1,0
0,0,1,0
0,0,1,0
0,1,0,0
0,0,1,0
0,0,1,0
0,1,0,0
0,1,0,0
0,1,0,0
0,0,1,0
0,0,1,0
0,0,1,0
0,1,0,0
0,1,0,0
1,0,0,0
0,1,0,0
0,0,0,1
0,0,0,1
0,1,0,0
0,0,1,0
0,0,1,0
0,0,1,0
0,1,0,0
0,1,0,0
0,0,1,0
0,0,1,0
0,1,0,0
0,1,0,0
0,0,1,0
0,1,0,0
0,1,0,0
0,0,0,0
0,1,0,0
0,0,1,0
0,1,0,0
0,1,0,0
0,1,0,0
0,0,0,1
0,0,1,0
0,0,1,0
0,0,1,0
0,1,0,0
0,1,0,0
0,1,0,0
0,0,1,0
0,0,1,0
0,0,0,1
0,0,1,0
0,0,0,1
0,0,0,1
0,0,1,0
0,1,0,0
0,1,0,0
0,0,1,0
0,1,0,0
0,0,0,1
0,1,0,0
0,1,0,0
0,0,1,0
0,1,0,0
0,0,1,0
0,1,0,0
0,0,1,0
0,0,1,0
0,1,0,0
0,0,1,0
0,0,0,1
0,1,0,0
0,0,1,0
0,1,0,0
0,0,1,0
0,1,0,0
0,1,0,0
0,0,1,0
0,0,1,0
0,1,0,0
0,0,1,0
0,0,1,0
0,1,0,0
0,1,0,0
0,0,1,0
0,1,0,0
0,0,1,0
0,0,1,0
0,0,1,0
0,1,0,0
0,0,1,0
0,1,0,0
0,0,1,0
0,0,1,0
0,0,1,0
0,0,1,0
0,0,1,0
0,0,1,0
0,0,1,0
0,0,1,0
0,0,0,1
0,0,1,0
0,0,1,0
0,1,0,0
0,0,1,0
0,0,1,0
0,0,1,0
0,0,1,0
0,0,1,0
0,0,1,0
0,0,1,0
0,0,1,0
0,0,1,0
0,0,1,0
0,0,0,1
0,0,1,0
0,1,0,0
0,0,1,0
0,0,1,0
0,1,0,0
0,0,1,0
0,1,0,0
0,1,0,0
0,0,1,0
1,0,0,0
0,1,0,0
0,0,1,0
0,0,1,0
0,0,0,0
0,0,0,1
0,0,1,0
0,1,0,0
0,0,0,1
0,1,0,0
0,0,1,0
0,1,0,0
0,0,1,0
0,0,1,0
0,1,0,0
0,0,1,0
0,1,0,0
0,0,1,0
0,0,1,0
0,0,1,0
0,1,0,0
0,0,1,0
0,1,0,0
0,0,1,0
0,0,1,0
0,0,1,0
0,1,0,0
0,0,1,0
0,0,1,0
0,0,0,1
0,0,1,0
0,0,1,0
0,0,0,1
0,0,1,0
0,1,0,0
0,0,1,0
0,0,1,0
0,0,1,0
0,0,1,0
0,0,1,0
0,0,1,0
0,0,1,0
0,1,0,0
0,0,1,0
0,1,0,0
0,0,1,0
0,0,0,1
0,0,1,0
0,0,0,1
0,1,0,0
0,0,1,0
0,0,0,1
0,0,1,0
0,0,1,0
0,0,1,0
0,1,0,0
0,0,1,0
0,0,1,0
0,0,1,0
0,0,1,0
0,0,1,0
0,0,1,0
0,0,1,0
0,0,0,1
0,0,1,0
0,0,1,0
0,1,0,0
0,0,1,0
0,1,0,0
0,0,0,1
0,1,0,0
0,0,0,1
0,1,0,0
1,0,0,0
0,0,1,0
0,0,1,0
0,1,0,0
0,1,0,0
0,0,1,0
0,0,1,0
0,0,1,0
0,0,1,0
0,0,1,0
0,1,0,0
0,0,1,0
0,0,1,0
0,1,0,0
0,0,1,0
0,0,1,0
0,1,0,0
0,0,1,0
0,0,1,0
0,0,0,1
0,0,1,0
0,1,0,0
0,1,0,0
0,0,1,0
0,1,0,0
0,0,1,0
0,0,1,0
0,0,1,0
0,0,0,1
0,0,1,0
0,0,0,1
0,0,1,0
0,1,0,0
0,1,0,0
0,0,1,0
0,0,1,0
0,0,1,0
0,0,1,0
0,1,0,0
0,1,0,0
0,1,0,0
0,0,1,0
0,0,1,0
0,0,1,0
0,1,0,0
0,1,0,0
0,0,1,0
0,0,0,0
0,1,0,0
0,0,1,0
0,0,1,0
0,0,0,1
0,0,0,0
0,1,0,0
0,0,1,0
0,0,1,0
0,0,1,0
0,1,0,0
0,0,1,0
0,1,0,0
0,0,1,0
0,1,0,0
0,0,1,0
0,1,0,0
0,0,1,0
0,0,1,0
0,1,0,0
0,1,0,0
0,1,0,0
0,0,1,0
0,0,1,0
0,0,1,0
0,0,0,1
0,0,1,0
0,0,1,0
0,0,1,0
0,0,1,0
0,1,0,0
0,0,1,0
0,0,1,0
0,0,1,0
0,0,1,0
0,1,0,0
0,0,1,0
0,0,1,0
0,0,0,1
0,0,1,0
0,0,0,1
0,0,1,0
0,0,1,0
0,1,0,0
0,0,1,0
0,0,1,0
0,0,1,0
0,1,0,0
0,1,0,0
0,1,0,0
0,1,0,0
0,1,0,0
0,0,1,0
0,0,1,0
0,1,0,0
0,0,1,0
0,0,1,0
0,1,0,0
0,1,0,0
0,0,1,0
0,0,1,0
0,0,1,0
0,0,1,0
0,0,1,0
0,0,1,0
0,0,1,0
0,0,1,0
0,0,1,0
0,0,1,0
0,1,0,0
0,0,0,1
0,1,0,0
0,0,1,0
0,0,1,0
0,0,1,0
0,0,1,0
0,0,1,0
0,0,1,0
0,0,1,0
0,0,1,0
0,0,1,0
0,0,1,0
0,0,1,0
0,0,0,1
0,0,1,0
0,0,1,0
0,0,1,0
0,0,1,0
0,1,0,0
0,0,1,0
0,0,1,0
0,0,1,0
0,0,1,0
0,1,0,0
0,1,0,0
0,1,0,0
0,0,1,0
0,0,1,0
0,1,0,0
0,0,0,1
0,0,1,0
0,0,1,0
0,0,0,1
0,1,0,0
0,0,1,0
0,0,1,0
0,0,1,0
0,0,1,0
0,1,0,0
0,1,0,0
0,1,0,0
0,1,0,0
0,0,1,0
0,0,1,0
0,1,0,0
0,1,0,0
0,0,0,1
0,1,0,0
0,0,1,0
0,1,0,0
0,1,0,0
0,1,0,0
0,0,1,0
0,0,1,0
0,0,1,0
0,1,0,0
0,0,0,0
0,0,1,0
0,1,0,0
0,1,0,0
0,0,1,0
0,0,1,0
0,1,0,0
0,1,0,0
0,1,0,0
0,0,1,0
0,1,0,0
0,0,1,0
0,0,1,0
0,0,1,0
0,1,0,0
0,1,0,0
0,0,1,0
0,0,1,0
0,1,0,0
0,0,1,0
0,0,1,0
0,0,0,1
0,1,0,0
0,1,0,0
0,0,1,0
0,0,1,0
0,0,1,0
0,0,1,0
0,1,0,0
0,1,0,0
0,0,1,0
0,0,1,0
0,0,1,0
0,0,1,0
0,0,1,0
0,1,0,0
0,1,0,0
0,0,1,0
0,0,0,1
0,0,1,0
0,1,0,0
0,0,1,0
0,0,1,0
0,0,0,1
0,0,1,0
0,1,0,0
0,0,1,0
0,0,1,0
0,0,1,0
0,0,0,1
0,0,1,0
0,0,1,0
0,0,1,0
0,0,1,0
0,0,1,0
0,0,1,0
0,1,0,0
0,0,0,1
0,0,1,0
0,0,1,0
0,0,1,0
0,0,0,1
0,0,1,0
0,1,0,0
0,0,1,0
0,1,0,0
0,0,1,0
0,1,0,0
0,0,1,0
0,0,1,0
0,0,0,1
0,0,1,0
0,0,1,0
0,0,0,1
0,0,1,0
0,0,1,0
0,0,1,0
0,0,1,0
0,0,1,0
0,0,1,0
0,0,1,0
0,1,0,0
0,0,0,1
0,1,0,0
0,0,1,0
0,0,1,0
0,0,1,0
0,0,1,0
0,0,0,1
0,0,1,0
0,0,1,0
0,0,1,0
0,0,1,0
0,0,1,0
0,0,1,0
0,0,0,1
0,0,1,0
0,1,0,0
0,1,0,0
0,0,1,0
0,1,0,0
0,0,1,0
0,0,1,0
0,1,0,0
0,0,0,1
0,0,1,0
0,0,1,0
0,0,1,0
0,0,1,0
0,0,1,0
